CurrencyPair,Rate
USDJPY=X,143.01400756835938
EURJPY=X,165.30999755859375
GBPJPY=X,194.06900024414062
AUDJPY=X,92.62799835205078
CADJPY=X,104.9530029296875
CHFJPY=X,177.21400451660156
