CurrencyPair,Rate
USDJPY=X,143.01300048828125
EURJPY=X,165.197998046875
GBPJPY=X,193.9080047607422
AUDJPY=X,92.75
CADJPY=X,104.97200012207031
CHFJPY=X,177.16000366210938
