CurrencyPair,Rate
USDJPY=X,143.0850067138672
EURJPY=X,165.2740020751953
GBPJPY=X,194.0260009765625
AUDJPY=X,92.84100341796875
CADJPY=X,105.01599884033203
CHFJPY=X,177.281005859375
